{"video": {"_type": "video-file", "sha256": "fb0a97a27cdb8d998cc94dc7665e60b24bda2fa932a2997c0cdfdcd240838a4c", "size": 839620, "path": "media/videos/video_5_fb0a97a27cdb8d998cc9.gif", "width": 320, "height": 256}, "_timestamp": 1691471035.48357, "_runtime": 18.674520015716553, "_step": 5, "_wandb": {"runtime": 17}}