{"video": {"_type": "video-file", "sha256": "10e0343f71e7d9387e65d9bc74796b5181d6d1131de9ee8a9800e3ea3f8e1c0f", "size": 109315, "path": "media/videos/video_5_10e0343f71e7d9387e65.gif", "width": 320, "height": 256}, "_timestamp": 1691470872.2825537, "_runtime": 18.72353959083557, "_step": 5, "_wandb": {"runtime": 18}}