{"video": {"_type": "video-file", "sha256": "5cdb310345ccc3d265304bf9a5c239290c4670be1ff671334734d5d0f4dcd6d8", "size": 514051, "path": "media/videos/video_0_5cdb310345ccc3d26530.gif", "width": 454, "height": 256}, "_timestamp": 1691470537.8427415, "_runtime": 25.61781144142151, "_step": 0, "_wandb": {"runtime": 25}}