{"LVIS": {"_type": "images/separated", "width": 640, "height": 427, "format": "png", "count": 3, "filenames": ["media/images/LVIS_0_8a463568e5f02e87115e.png", "media/images/LVIS_0_3f10f3d33e4b430e12ae.png", "media/images/LVIS_0_3937789700531dee5f5a.png"]}, "_timestamp": 1694773321.8090134, "_runtime": 174.7905843257904, "_step": 0}