{"video": {"_type": "video-file", "sha256": "5cdb310345ccc3d265304bf9a5c239290c4670be1ff671334734d5d0f4dcd6d8", "size": 514051, "path": "media/videos/video_0_5cdb310345ccc3d26530.gif", "width": 454, "height": 256}, "_timestamp": 1691470241.523683, "_runtime": 36.85244107246399, "_step": 0}